<?xml version="1.0" encoding="UTF-8" standalone="yes" ?>
<fonts>
    <font>
        <filename>BeVietnamPro-Bold.ttf</filename>
        <familyname>Be Vietnam Pro</familyname>
    </font>
    <font>
        <filename>GoogleSans-Bold.ttf</filename>
        <familyname>Google Sans</familyname>
    </font>
    <font>
        <filename>Inter-Bold.ttf</filename>
        <familyname>Inter</familyname>
    </font>
    <font>
        <filename>Lexend-Bold.ttf</filename>
        <familyname>Lexend</familyname>
    </font>
    <font>
        <filename>Play-Bold.ttf</filename>
        <familyname>Play</familyname>
    </font>
    <font>
        <filename>Roboto-Bold.ttf</filename>
        <familyname>Roboto</familyname>
    </font>
    <font>
        <filename>GothamBold.ttf</filename>
        <familyname>Gotham</familyname>
    </font>
    <font>
        <filename>NetflixSansBlack.ttf</filename>
        <familyname>Netflix Sans Black</familyname>
    </font>
    <font>
        <filename>NetflixSansBold.ttf</filename>
        <familyname>Netflix Sans</familyname>
    </font>
    <font>
        <filename>Oswald-Bold.ttf</filename>
        <familyname>Oswald</familyname>
    </font>
</fonts>
