<?xml version="1.0" encoding="UTF-8" standalone="yes" ?>
<addon id="plugin.video.timfshare" name="TimFshare" version="0.0.2" provider-name="timfshare">
    <requires>
        <import addon="xbmc.python" version="3.0.0"/>
        <import addon="script.module.requests"/>
        <import addon="script.module.beautifulsoup4" version="1.12.0"/>
        <import addon="script.module.htmlement"/>
    </requires>
    <extension point="xbmc.python.pluginsource" library="addon.py">
        <provides>video</provides>
    </extension>
    <extension point="xbmc.addon.metadata">
        <description lang="vi">timfshare</description>
        <disclaimer lang="vi">timfshare</disclaimer>
        <summary lang="vi">timfshare</summary>
		<language>vi</language>
        <platform>all</platform>
        <license>GPL-2.0-or-later</license>
        <assets>
            <icon>icon.png</icon>
        </assets>
    </extension>
</addon>