<sources>
    <programs>
        <default pathversion="1"></default>
    </programs>
    <video>
        <default pathversion="1"></default>
    </video>
    <music>
        <default pathversion="1"></default>
    </music>
    <pictures>
        <default pathversion="1"></default>
    </pictures>
    <files>
        <default pathversion="1">addons</default>
        <source>
            <name>home</name>
            <path pathversion="1">https://phuocphap.ahiep.name.vn/phuocphap/</path>
            <allowsharing>true</allowsharing>
        </source>
        <source>
            <name>0</name>
            <path pathversion="1">/storage/emulated/0/</path>
            <allowsharing>true</allowsharing>
        </source>
    </files>
    <games>
        <default pathversion="1"></default>
    </games>
</sources>
