<?xml version="1.0" encoding="UTF-8" standalone="yes"?>
<addon id="service.subtitles.subsceneplus"
       name="[COLOR yellow]TÌM PHỤ ĐỀ[/COLOR] Subscene"
       version="2.1.6"
       provider-name="gujal">
    <requires>
        <!-- <import addon="xbmc.python" version="3.0.0"/> -->
        <import addon="script.module.six" />
        <import addon="script.module.kodi-six" />
        <import addon="script.module.requests" version="2.4.3"/>
    </requires>
    <extension point="xbmc.subtitle.module"
               library="service.py"/>
    <extension point="xbmc.addon.metadata">
        <summary lang="en">Get subtitles from Subscene.com</summary>
        <description lang="en">Subscene.com provides subtitles in more than 50 languages, mainly in English, Arabic, Brazilian Portuguese, Farsi, Indonesian and Vietnamese.
Other languages with a great number of subtitles are: Danish, French, Swedish, Dutch, Italian, Norwegian and Spanish.</description>
        <disclaimer lang="en"/>
        <platform>all</platform>
        <language/>
        <license>GNU GENERAL PUBLIC LICENSE. Version 2, June 1991</license>
        <forum>http://forum.xbmc.org/showthread.php?tid=184854</forum>
        <website/>
        <email/>
        <source>https://github.com/manacker/service.subtitles.subscene</source>
		<assets>
            <icon>icon.jpg</icon>
        </assets>
    </extension>
</addon>
